{
  "id": "1248159",
  "name": "公共框架new",
  "font_family": "iconfont",
  "css_prefix_text": "icon-",
  "description": "这个是公共框架统一图标尺寸的",
  "glyphs": [
    {
      "icon_id": "13292957",
      "name": "删除",
      "font_class": "shanchu1",
      "unicode": "e60c",
      "unicode_decimal": 58892
    },
    {
      "icon_id": "13153461",
      "name": "更多",
      "font_class": "gengduo1",
      "unicode": "f223",
      "unicode_decimal": 61987
    },
    {
      "icon_id": "13079258",
      "name": "ic-网页分析",
      "font_class": "ic-wangyefenxi",
      "unicode": "f21c",
      "unicode_decimal": 61980
    },
    {
      "icon_id": "13079259",
      "name": "ic-监控明细",
      "font_class": "ic-jiankongmingxi",
      "unicode": "f21d",
      "unicode_decimal": 61981
    },
    {
      "icon_id": "13079260",
      "name": "ic-事件分析",
      "font_class": "ic-shijianfenxi",
      "unicode": "f21e",
      "unicode_decimal": 61982
    },
    {
      "icon_id": "13021485",
      "name": "信息管理",
      "font_class": "ic-xinxiguanli",
      "unicode": "e685",
      "unicode_decimal": 59013
    },
    {
      "icon_id": "13021486",
      "name": "个人设置",
      "font_class": "ic-gerenshezhi",
      "unicode": "e686",
      "unicode_decimal": 59014
    },
    {
      "icon_id": "12757868",
      "name": "复制",
      "font_class": "fuzhi",
      "unicode": "f21a",
      "unicode_decimal": 61978
    },
    {
      "icon_id": "12649294",
      "name": "scale",
      "font_class": "scale",
      "unicode": "f20b",
      "unicode_decimal": 61963
    },
    {
      "icon_id": "12649295",
      "name": "组件",
      "font_class": "ic-zujianliebiao",
      "unicode": "f20c",
      "unicode_decimal": 61964
    },
    {
      "icon_id": "12649296",
      "name": "主机重启",
      "font_class": "zhujizhongqi",
      "unicode": "f20d",
      "unicode_decimal": 61965
    },
    {
      "icon_id": "12649297",
      "name": "data",
      "font_class": "data",
      "unicode": "f20e",
      "unicode_decimal": 61966
    },
    {
      "icon_id": "12649298",
      "name": "集群扩容",
      "font_class": "jiqunkuorong",
      "unicode": "f20f",
      "unicode_decimal": 61967
    },
    {
      "icon_id": "12649299",
      "name": "系统日志",
      "font_class": "ic-xitongrizhi",
      "unicode": "f210",
      "unicode_decimal": 61968
    },
    {
      "icon_id": "12649300",
      "name": "ceph重启",
      "font_class": "cephzhongqi",
      "unicode": "f211",
      "unicode_decimal": 61969
    },
    {
      "icon_id": "12649301",
      "name": "系统日志1",
      "font_class": "xitongrizhi1",
      "unicode": "f212",
      "unicode_decimal": 61970
    },
    {
      "icon_id": "12649302",
      "name": "定时任务",
      "font_class": "ic-dingshirenwu",
      "unicode": "f213",
      "unicode_decimal": 61971
    },
    {
      "icon_id": "12649303",
      "name": "继续创建",
      "font_class": "jixuchuangjian",
      "unicode": "f214",
      "unicode_decimal": 61972
    },
    {
      "icon_id": "12649304",
      "name": "集群日志",
      "font_class": "jiqunrizhi",
      "unicode": "f215",
      "unicode_decimal": 61973
    },
    {
      "icon_id": "12649305",
      "name": "脱离集群",
      "font_class": "tuolijiqun",
      "unicode": "f216",
      "unicode_decimal": 61974
    },
    {
      "icon_id": "12649306",
      "name": "docker重启",
      "font_class": "dockerzhongqi",
      "unicode": "f217",
      "unicode_decimal": 61975
    },
    {
      "icon_id": "12649307",
      "name": "服务",
      "font_class": "ic-zujianfuwu",
      "unicode": "f218",
      "unicode_decimal": 61976
    },
    {
      "icon_id": "12649308",
      "name": "集群",
      "font_class": "ic-jiqun",
      "unicode": "f219",
      "unicode_decimal": 61977
    },
    {
      "icon_id": "12484124",
      "name": "我的告警",
      "font_class": "wodegaojing",
      "unicode": "f1f7",
      "unicode_decimal": 61943
    },
    {
      "icon_id": "12320510",
      "name": "服务中心",
      "font_class": "fuwuzhongxin",
      "unicode": "f1da",
      "unicode_decimal": 61914
    },
    {
      "icon_id": "12320511",
      "name": "查看",
      "font_class": "chakan1",
      "unicode": "f1db",
      "unicode_decimal": 61915
    },
    {
      "icon_id": "12188044",
      "name": "ic-轨迹管理",
      "font_class": "ic-guijiguanli",
      "unicode": "f1d6",
      "unicode_decimal": 61910
    },
    {
      "icon_id": "7471017",
      "name": "流程",
      "font_class": "ic-liucheng",
      "unicode": "ed6c",
      "unicode_decimal": 60780
    },
    {
      "icon_id": "12106520",
      "name": "face",
      "font_class": "face",
      "unicode": "e683",
      "unicode_decimal": 59011
    },
    {
      "icon_id": "12101851",
      "name": "添加小",
      "font_class": "tianjiaxiao",
      "unicode": "f1d4",
      "unicode_decimal": 61908
    },
    {
      "icon_id": "12044891",
      "name": "拓扑",
      "font_class": "ic-tuopu",
      "unicode": "f1d2",
      "unicode_decimal": 61906
    },
    {
      "icon_id": "12044892",
      "name": "接口",
      "font_class": "ic-jiekou",
      "unicode": "f1d3",
      "unicode_decimal": 61907
    },
    {
      "icon_id": "11851115",
      "name": "指标预处理",
      "font_class": "zhibiaoyuchuli",
      "unicode": "f1bb",
      "unicode_decimal": 61883
    },
    {
      "icon_id": "11849286",
      "name": "指标抑制",
      "font_class": "zhibiaoyizhi",
      "unicode": "f1b8",
      "unicode_decimal": 61880
    },
    {
      "icon_id": "11849287",
      "name": "promethues查询",
      "font_class": "promethueschaxun",
      "unicode": "f1b9",
      "unicode_decimal": 61881
    },
    {
      "icon_id": "11849288",
      "name": "静默管理",
      "font_class": "jingmoguanli",
      "unicode": "f1ba",
      "unicode_decimal": 61882
    },
    {
      "icon_id": "11587337",
      "name": "错误查询",
      "font_class": "cuowuchaxun",
      "unicode": "e680",
      "unicode_decimal": 59008
    },
    {
      "icon_id": "11357211",
      "name": "排序",
      "font_class": "paixu",
      "unicode": "f15d",
      "unicode_decimal": 61789
    },
    {
      "icon_id": "11357212",
      "name": "编码协议",
      "font_class": "bianmaxieyi",
      "unicode": "f15e",
      "unicode_decimal": 61790
    },
    {
      "icon_id": "11357213",
      "name": "分组管理",
      "font_class": "fenzuguanli",
      "unicode": "f15f",
      "unicode_decimal": 61791
    },
    {
      "icon_id": "11356463",
      "name": "批量升级",
      "font_class": "piliangshengji",
      "unicode": "f15b",
      "unicode_decimal": 61787
    },
    {
      "icon_id": "11356470",
      "name": "问号",
      "font_class": "shuoming",
      "unicode": "f15c",
      "unicode_decimal": 61788
    },
    {
      "icon_id": "11356224",
      "name": "导入",
      "font_class": "daoru",
      "unicode": "f159",
      "unicode_decimal": 61785
    },
    {
      "icon_id": "11356225",
      "name": "导出",
      "font_class": "daochu",
      "unicode": "f15a",
      "unicode_decimal": 61786
    },
    {
      "icon_id": "11356174",
      "name": "手动新增",
      "font_class": "shoudongxinzeng",
      "unicode": "f158",
      "unicode_decimal": 61784
    },
    {
      "icon_id": "11356050",
      "name": "扫一扫",
      "font_class": "saoyisao",
      "unicode": "f157",
      "unicode_decimal": 61783
    },
    {
      "icon_id": "11353317",
      "name": "数据字典",
      "font_class": "shujuzidian",
      "unicode": "f156",
      "unicode_decimal": 61782
    },
    {
      "icon_id": "11353276",
      "name": "收回",
      "font_class": "shouhui",
      "unicode": "f155",
      "unicode_decimal": 61781
    },
    {
      "icon_id": "11353205",
      "name": "新增字典",
      "font_class": "xinzengzidian",
      "unicode": "f154",
      "unicode_decimal": 61780
    },
    {
      "icon_id": "11353135",
      "name": "日历",
      "font_class": "rili",
      "unicode": "f153",
      "unicode_decimal": 61779
    },
    {
      "icon_id": "11353068",
      "name": "系统日志下载",
      "font_class": "xitongrizhixiazai",
      "unicode": "f152",
      "unicode_decimal": 61778
    },
    {
      "icon_id": "11352959",
      "name": "主机日志",
      "font_class": "zhujirizhi",
      "unicode": "f151",
      "unicode_decimal": 61777
    },
    {
      "icon_id": "11352872",
      "name": "升级",
      "font_class": "shengji",
      "unicode": "f150",
      "unicode_decimal": 61776
    },
    {
      "icon_id": "11352844",
      "name": "人员管理",
      "font_class": "renyuanguanli",
      "unicode": "f14f",
      "unicode_decimal": 61775
    },
    {
      "icon_id": "11352827",
      "name": "导出方案",
      "font_class": "daochufangan",
      "unicode": "f14e",
      "unicode_decimal": 61774
    },
    {
      "icon_id": "11352766",
      "name": "复制新增",
      "font_class": "fuzhixinzeng",
      "unicode": "f14d",
      "unicode_decimal": 61773
    },
    {
      "icon_id": "11351454",
      "name": "申请项目",
      "font_class": "shenqingxiangmu",
      "unicode": "f14c",
      "unicode_decimal": 61772
    },
    {
      "icon_id": "11351397",
      "name": "方案部署",
      "font_class": "fanganbushu",
      "unicode": "f14b",
      "unicode_decimal": 61771
    },
    {
      "icon_id": "11350172",
      "name": "方案详情",
      "font_class": "fanganxiangqing",
      "unicode": "f14a",
      "unicode_decimal": 61770
    },
    {
      "icon_id": "11350111",
      "name": "方案历史",
      "font_class": "fanganlishi",
      "unicode": "f149",
      "unicode_decimal": 61769
    },
    {
      "icon_id": "11350042",
      "name": "详情",
      "font_class": "xiangqing",
      "unicode": "f148",
      "unicode_decimal": 61768
    },
    {
      "icon_id": "11349993",
      "name": "使用文档",
      "font_class": "shiyongwendang",
      "unicode": "f147",
      "unicode_decimal": 61767
    },
    {
      "icon_id": "11349538",
      "name": "查看日志",
      "font_class": "chakanrizhi",
      "unicode": "f146",
      "unicode_decimal": 61766
    },
    {
      "icon_id": "11349415",
      "name": "程序包升级",
      "font_class": "chengxubaoshengji",
      "unicode": "f145",
      "unicode_decimal": 61765
    },
    {
      "icon_id": "11348805",
      "name": "编辑",
      "font_class": "bianji",
      "unicode": "f144",
      "unicode_decimal": 61764
    },
    {
      "icon_id": "11347522",
      "name": "方案升级",
      "font_class": "fanganshengji",
      "unicode": "f142",
      "unicode_decimal": 61762
    },
    {
      "icon_id": "11345374",
      "name": "应用监控",
      "font_class": "yingyongjiankong",
      "unicode": "f141",
      "unicode_decimal": 61761
    },
    {
      "icon_id": "11342900",
      "name": "统一日志",
      "font_class": "tongyirizhi",
      "unicode": "f140",
      "unicode_decimal": 61760
    },
    {
      "icon_id": "11342854",
      "name": "部署日志",
      "font_class": "bushurizhi",
      "unicode": "f13f",
      "unicode_decimal": 61759
    },
    {
      "icon_id": "11342785",
      "name": "重新部署",
      "font_class": "zhongxinbushu",
      "unicode": "f13e",
      "unicode_decimal": 61758
    },
    {
      "icon_id": "11342644",
      "name": "密码",
      "font_class": "mima",
      "unicode": "f13d",
      "unicode_decimal": 61757
    },
    {
      "icon_id": "11210728",
      "name": "意见反馈",
      "font_class": "ic-yijianfankui",
      "unicode": "e674",
      "unicode_decimal": 58996
    },
    {
      "icon_id": "11210729",
      "name": "统计管理",
      "font_class": "ic-tongjiguanli",
      "unicode": "e675",
      "unicode_decimal": 58997
    },
    {
      "icon_id": "10864788",
      "name": "提示",
      "font_class": "tishi",
      "unicode": "e673",
      "unicode_decimal": 58995
    },
    {
      "icon_id": "10864345",
      "name": "搜索列表",
      "font_class": "sousuoliebiao",
      "unicode": "e672",
      "unicode_decimal": 58994
    },
    {
      "icon_id": "10604687",
      "name": "关联",
      "font_class": "guanlian",
      "unicode": "f117",
      "unicode_decimal": 61719
    },
    {
      "icon_id": "10604688",
      "name": "变更",
      "font_class": "biangeng",
      "unicode": "f118",
      "unicode_decimal": 61720
    },
    {
      "icon_id": "10366920",
      "name": "成功",
      "font_class": "chenggong-02",
      "unicode": "f0f2",
      "unicode_decimal": 61682
    },
    {
      "icon_id": "10361905",
      "name": "验证码",
      "font_class": "yanzhengma",
      "unicode": "f0f1",
      "unicode_decimal": 61681
    },
    {
      "icon_id": "10319237",
      "name": "个人信息",
      "font_class": "gerenxinxi",
      "unicode": "f0e3",
      "unicode_decimal": 61667
    },
    {
      "icon_id": "10319238",
      "name": "换肤",
      "font_class": "huanfu",
      "unicode": "f0e4",
      "unicode_decimal": 61668
    },
    {
      "icon_id": "10319239",
      "name": "退出",
      "font_class": "tuichu-01",
      "unicode": "f0e5",
      "unicode_decimal": 61669
    },
    {
      "icon_id": "10267426",
      "name": "ic-首页",
      "font_class": "ic-shouye",
      "unicode": "f0cb",
      "unicode_decimal": 61643
    },
    {
      "icon_id": "10267453",
      "name": "下载",
      "font_class": "xiazai",
      "unicode": "f0cc",
      "unicode_decimal": 61644
    },
    {
      "icon_id": "10105602",
      "name": "ic-triangle-left",
      "font_class": "ic-triangle-left",
      "unicode": "f0b6",
      "unicode_decimal": 61622
    },
    {
      "icon_id": "10105603",
      "name": "ic-triangle-up",
      "font_class": "ic-triangle-up",
      "unicode": "f0b7",
      "unicode_decimal": 61623
    },
    {
      "icon_id": "10020714",
      "name": "重启",
      "font_class": "zhongqi",
      "unicode": "f0a9",
      "unicode_decimal": 61609
    },
    {
      "icon_id": "10019157",
      "name": "k8s信息",
      "font_class": "ksxinxi",
      "unicode": "f0a1",
      "unicode_decimal": 61601
    },
    {
      "icon_id": "10017560",
      "name": "容器监控",
      "font_class": "rongqijiankong",
      "unicode": "f09f",
      "unicode_decimal": 61599
    },
    {
      "icon_id": "10016647",
      "name": "ic-调用链管理",
      "font_class": "ic-tiaoyonglianguanli",
      "unicode": "f09d",
      "unicode_decimal": 61597
    },
    {
      "icon_id": "10015900",
      "name": "ic-路由",
      "font_class": "ic-luyou",
      "unicode": "f09b",
      "unicode_decimal": 61595
    },
    {
      "icon_id": "10015312",
      "name": "事件",
      "font_class": "shijian",
      "unicode": "f09a",
      "unicode_decimal": 61594
    },
    {
      "icon_id": "10015103",
      "name": "监控",
      "font_class": "jichujiankong",
      "unicode": "f099",
      "unicode_decimal": 61593
    },
    {
      "icon_id": "10014856",
      "name": "终端",
      "font_class": "zhongduan",
      "unicode": "f098",
      "unicode_decimal": 61592
    },
    {
      "icon_id": "10014284",
      "name": "ic-同步管理",
      "font_class": "ic-tongbuguanli",
      "unicode": "f097",
      "unicode_decimal": 61591
    },
    {
      "icon_id": "10014122",
      "name": "ic-文件中心",
      "font_class": "ic-wenjianzhongxin",
      "unicode": "f096",
      "unicode_decimal": 61590
    },
    {
      "icon_id": "10014010",
      "name": "ic-事件日志",
      "font_class": "ic-shijianrizhi",
      "unicode": "f095",
      "unicode_decimal": 61589
    },
    {
      "icon_id": "9955873",
      "name": "收藏",
      "font_class": "shoucang",
      "unicode": "f092",
      "unicode_decimal": 61586
    },
    {
      "icon_id": "9955874",
      "name": "收藏click",
      "font_class": "shoucangclick",
      "unicode": "f093",
      "unicode_decimal": 61587
    },
    {
      "icon_id": "9883595",
      "name": "树-选中展开",
      "font_class": "shu-xuanzhongzhankai",
      "unicode": "f08d",
      "unicode_decimal": 61581
    },
    {
      "icon_id": "9883596",
      "name": "树-未选",
      "font_class": "shu-weixuan",
      "unicode": "f08e",
      "unicode_decimal": 61582
    },
    {
      "icon_id": "9814035",
      "name": "叹号",
      "font_class": "tanhao",
      "unicode": "f06e",
      "unicode_decimal": 61550
    },
    {
      "icon_id": "9813820",
      "name": "成功",
      "font_class": "chenggong",
      "unicode": "f06b",
      "unicode_decimal": 61547
    },
    {
      "icon_id": "9813821",
      "name": "失败",
      "font_class": "shibai",
      "unicode": "f06c",
      "unicode_decimal": 61548
    },
    {
      "icon_id": "9813822",
      "name": "问号",
      "font_class": "wenhao",
      "unicode": "f06d",
      "unicode_decimal": 61549
    },
    {
      "icon_id": "9772552",
      "name": "ic-告警管理",
      "font_class": "ic-gaojingguanli",
      "unicode": "f061",
      "unicode_decimal": 61537
    },
    {
      "icon_id": "9772445",
      "name": "ic-资源管理",
      "font_class": "ic-ziyuanguanli",
      "unicode": "f060",
      "unicode_decimal": 61536
    },
    {
      "icon_id": "9705994",
      "name": "数据管理",
      "font_class": "ic-shujuguanli",
      "unicode": "f05b",
      "unicode_decimal": 61531
    },
    {
      "icon_id": "9681230",
      "name": "仪表盘",
      "font_class": "ic-dashboard",
      "unicode": "f05c",
      "unicode_decimal": 61532
    },
    {
      "icon_id": "9681231",
      "name": "告警",
      "font_class": "ic-alarm",
      "unicode": "f05d",
      "unicode_decimal": 61533
    },
    {
      "icon_id": "9681232",
      "name": "快速查询",
      "font_class": "ic-quickSearch",
      "unicode": "f05e",
      "unicode_decimal": 61534
    },
    {
      "icon_id": "9680747",
      "name": "时间",
      "font_class": "time",
      "unicode": "f053",
      "unicode_decimal": 61523
    },
    {
      "icon_id": "9680748",
      "name": "饼图",
      "font_class": "bingtu",
      "unicode": "f054",
      "unicode_decimal": 61524
    },
    {
      "icon_id": "9680750",
      "name": "柱状图",
      "font_class": "zhuzhuangtu",
      "unicode": "f056",
      "unicode_decimal": 61526
    },
    {
      "icon_id": "9680751",
      "name": "条形图",
      "font_class": "tiaoxingtu",
      "unicode": "f057",
      "unicode_decimal": 61527
    },
    {
      "icon_id": "9680752",
      "name": "还原",
      "font_class": "reduction",
      "unicode": "f058",
      "unicode_decimal": 61528
    },
    {
      "icon_id": "9680753",
      "name": "表格",
      "font_class": "table",
      "unicode": "f059",
      "unicode_decimal": 61529
    },
    {
      "icon_id": "9680754",
      "name": "刷新",
      "font_class": "refresh",
      "unicode": "f05a",
      "unicode_decimal": 61530
    },
    {
      "icon_id": "9674518",
      "name": "查看",
      "font_class": "chakan",
      "unicode": "f04f",
      "unicode_decimal": 61519
    },
    {
      "icon_id": "9674519",
      "name": "闭眼",
      "font_class": "biyan",
      "unicode": "f050",
      "unicode_decimal": 61520
    },
    {
      "icon_id": "9673810",
      "name": "ic-主机管理",
      "font_class": "ic-zhujiliebiao",
      "unicode": "f040",
      "unicode_decimal": 61504
    },
    {
      "icon_id": "9673339",
      "name": "ic-人员管理",
      "font_class": "ic-yonghuguanli",
      "unicode": "f03f",
      "unicode_decimal": 61503
    },
    {
      "icon_id": "9673081",
      "name": "ic-department",
      "font_class": "ic-department",
      "unicode": "f036",
      "unicode_decimal": 61494
    },
    {
      "icon_id": "9673082",
      "name": "ic-字典管理",
      "font_class": "ic-shujuzidianguanli",
      "unicode": "f037",
      "unicode_decimal": 61495
    },
    {
      "icon_id": "9673083",
      "name": "ic-home",
      "font_class": "ic-home",
      "unicode": "f038",
      "unicode_decimal": 61496
    },
    {
      "icon_id": "9673089",
      "name": "ic-设置",
      "font_class": "ic-shezhi",
      "unicode": "f03b",
      "unicode_decimal": 61499
    },
    {
      "icon_id": "9673091",
      "name": "ic-系统管理",
      "font_class": "ic-xitongguanli",
      "unicode": "f03d",
      "unicode_decimal": 61501
    },
    {
      "icon_id": "9673092",
      "name": "ic-项目管理",
      "font_class": "ic-xiangmuguanli",
      "unicode": "f03e",
      "unicode_decimal": 61502
    },
    {
      "icon_id": "9673098",
      "name": "ic-工单中心",
      "font_class": "ic-gongdanzhongxin",
      "unicode": "f042",
      "unicode_decimal": 61506
    },
    {
      "icon_id": "9673099",
      "name": "ic-黑名单",
      "font_class": "ic-heimingdanguanli",
      "unicode": "f043",
      "unicode_decimal": 61507
    },
    {
      "icon_id": "9673100",
      "name": "ic-角色管理",
      "font_class": "ic-jiaoseguanli",
      "unicode": "f044",
      "unicode_decimal": 61508
    },
    {
      "icon_id": "9673101",
      "name": "ic-区域管理",
      "font_class": "ic-hangzhengquyuguanli",
      "unicode": "f045",
      "unicode_decimal": 61509
    },
    {
      "icon_id": "9673102",
      "name": "ic-权限管理",
      "font_class": "ic-yonghushouquan",
      "unicode": "f046",
      "unicode_decimal": 61510
    },
    {
      "icon_id": "9673103",
      "name": "ic-日志管理",
      "font_class": "ic-rizhiguanli",
      "unicode": "f047",
      "unicode_decimal": 61511
    },
    {
      "icon_id": "9673105",
      "name": "ic-浏览器",
      "font_class": "ic-liulanqi",
      "unicode": "f049",
      "unicode_decimal": 61513
    },
    {
      "icon_id": "9673106",
      "name": "复制新增",
      "font_class": "fuzhixinzeng1",
      "unicode": "f04a",
      "unicode_decimal": 61514
    },
    {
      "icon_id": "9673111",
      "name": "ic-工单报表",
      "font_class": "ic-gongdanbaobiao",
      "unicode": "f04d",
      "unicode_decimal": 61517
    },
    {
      "icon_id": "9673112",
      "name": "ic-工单管理",
      "font_class": "ic-gongdanguanli",
      "unicode": "f04e",
      "unicode_decimal": 61518
    },
    {
      "icon_id": "9653306",
      "name": "升高",
      "font_class": "shenggao",
      "unicode": "f033",
      "unicode_decimal": 61491
    },
    {
      "icon_id": "9653307",
      "name": "降低",
      "font_class": "jiangdi",
      "unicode": "f034",
      "unicode_decimal": 61492
    },
    {
      "icon_id": "9651383",
      "name": "下降",
      "font_class": "xiajiang",
      "unicode": "f021",
      "unicode_decimal": 61473
    },
    {
      "icon_id": "9651384",
      "name": "ic-triangle-right",
      "font_class": "ic-triangle-right",
      "unicode": "f022",
      "unicode_decimal": 61474
    },
    {
      "icon_id": "9651386",
      "name": "上升",
      "font_class": "shangsheng",
      "unicode": "f024",
      "unicode_decimal": 61476
    },
    {
      "icon_id": "9651388",
      "name": "用户",
      "font_class": "yonghu",
      "unicode": "f026",
      "unicode_decimal": 61478
    },
    {
      "icon_id": "9651389",
      "name": "ic-triangle-down",
      "font_class": "ic-triangle-down",
      "unicode": "f027",
      "unicode_decimal": 61479
    },
    {
      "icon_id": "9651390",
      "name": "重置",
      "font_class": "chongzhi",
      "unicode": "f028",
      "unicode_decimal": 61480
    },
    {
      "icon_id": "9651394",
      "name": "ic-online",
      "font_class": "ic-online",
      "unicode": "f02c",
      "unicode_decimal": 61484
    },
    {
      "icon_id": "9651395",
      "name": "-location",
      "font_class": "location",
      "unicode": "f02d",
      "unicode_decimal": 61485
    },
    {
      "icon_id": "9651396",
      "name": "-filter",
      "font_class": "filter",
      "unicode": "f02e",
      "unicode_decimal": 61486
    },
    {
      "icon_id": "9651397",
      "name": "编辑1",
      "font_class": "bianji1",
      "unicode": "f02f",
      "unicode_decimal": 61487
    },
    {
      "icon_id": "9651398",
      "name": "全屏",
      "font_class": "quanping",
      "unicode": "f030",
      "unicode_decimal": 61488
    },
    {
      "icon_id": "9651400",
      "name": "导出组件",
      "font_class": "daochuzujian",
      "unicode": "f032",
      "unicode_decimal": 61490
    },
    {
      "icon_id": "9650374",
      "name": "主机监控",
      "font_class": "zhujijiankong",
      "unicode": "f00c",
      "unicode_decimal": 61452
    },
    {
      "icon_id": "9650440",
      "name": "浏览器",
      "font_class": "liulanqi",
      "unicode": "f010",
      "unicode_decimal": 61456
    },
    {
      "icon_id": "9650445",
      "name": "取消",
      "font_class": "quxiao",
      "unicode": "f014",
      "unicode_decimal": 61460
    },
    {
      "icon_id": "9650446",
      "name": "配置",
      "font_class": "peizhi1",
      "unicode": "f015",
      "unicode_decimal": 61461
    },
    {
      "icon_id": "9650454",
      "name": "发布",
      "font_class": "fabu",
      "unicode": "f01a",
      "unicode_decimal": 61466
    },
    {
      "icon_id": "9650458",
      "name": "回滚",
      "font_class": "huigun",
      "unicode": "f01e",
      "unicode_decimal": 61470
    },
    {
      "icon_id": "9649332",
      "name": "successCircle",
      "font_class": "successCircle",
      "unicode": "f00a",
      "unicode_decimal": 61450
    },
    {
      "icon_id": "9649333",
      "name": "errorCircle",
      "font_class": "errorCircle",
      "unicode": "f00b",
      "unicode_decimal": 61451
    },
    {
      "icon_id": "9649220",
      "name": "最小化",
      "font_class": "zuixiaohua",
      "unicode": "f007",
      "unicode_decimal": 61447
    },
    {
      "icon_id": "9649221",
      "name": "关闭",
      "font_class": "guanbi",
      "unicode": "f008",
      "unicode_decimal": 61448
    },
    {
      "icon_id": "9649222",
      "name": "全屏",
      "font_class": "quanping1",
      "unicode": "f009",
      "unicode_decimal": 61449
    },
    {
      "icon_id": "9649005",
      "name": "历史",
      "font_class": "lishi",
      "unicode": "f006",
      "unicode_decimal": 61446
    },
    {
      "icon_id": "9648669",
      "name": "停止",
      "font_class": "tingzhi",
      "unicode": "effd",
      "unicode_decimal": 61437
    },
    {
      "icon_id": "9648670",
      "name": "启动",
      "font_class": "qidong",
      "unicode": "effe",
      "unicode_decimal": 61438
    },
    {
      "icon_id": "9648674",
      "name": "调试",
      "font_class": "tiaoshi",
      "unicode": "efff",
      "unicode_decimal": 61439
    },
    {
      "icon_id": "9648675",
      "name": "运维",
      "font_class": "yunwei",
      "unicode": "f000",
      "unicode_decimal": 61440
    },
    {
      "icon_id": "9648725",
      "name": "统一配置",
      "font_class": "tongyipeizhi",
      "unicode": "f003",
      "unicode_decimal": 61443
    },
    {
      "icon_id": "9648733",
      "name": "方法栈",
      "font_class": "fangfazhan",
      "unicode": "f004",
      "unicode_decimal": 61444
    },
    {
      "icon_id": "9648739",
      "name": "统一权限",
      "font_class": "tongyiquanxian",
      "unicode": "f005",
      "unicode_decimal": 61445
    },
    {
      "icon_id": "9648232",
      "name": "tubiaoguifancopy",
      "font_class": "tubiaoguifancopy",
      "unicode": "eff9",
      "unicode_decimal": 61433
    },
    {
      "icon_id": "9648233",
      "name": "更多",
      "font_class": "gengduo",
      "unicode": "effa",
      "unicode_decimal": 61434
    },
    {
      "icon_id": "9648234",
      "name": "-menu-zk",
      "font_class": "menu-zk",
      "unicode": "effb",
      "unicode_decimal": 61435
    },
    {
      "icon_id": "9648235",
      "name": "调试信息",
      "font_class": "tiaoshixinxi",
      "unicode": "effc",
      "unicode_decimal": 61436
    },
    {
      "icon_id": "9647897",
      "name": "ic-new",
      "font_class": "ic-new",
      "unicode": "eff5",
      "unicode_decimal": 61429
    },
    {
      "icon_id": "9647898",
      "name": "-outport",
      "font_class": "outport",
      "unicode": "eff6",
      "unicode_decimal": 61430
    },
    {
      "icon_id": "9647899",
      "name": "ic-loaddown",
      "font_class": "ic-loaddown",
      "unicode": "eff7",
      "unicode_decimal": 61431
    },
    {
      "icon_id": "9647900",
      "name": "ic-setting",
      "font_class": "ic-setting",
      "unicode": "eff8",
      "unicode_decimal": 61432
    },
    {
      "icon_id": "9647704",
      "name": "ic-arrow-down",
      "font_class": "ic-arrow-down",
      "unicode": "eff1",
      "unicode_decimal": 61425
    },
    {
      "icon_id": "9647705",
      "name": "ic-arrow-left",
      "font_class": "ic-arrow-left",
      "unicode": "eff2",
      "unicode_decimal": 61426
    },
    {
      "icon_id": "9647706",
      "name": "ic-arrow-right",
      "font_class": "ic-arrow-right",
      "unicode": "eff3",
      "unicode_decimal": 61427
    },
    {
      "icon_id": "9647707",
      "name": "ic-arrow-up-02",
      "font_class": "ic-arrow-up",
      "unicode": "eff4",
      "unicode_decimal": 61428
    },
    {
      "icon_id": "9647218",
      "name": "ic-search",
      "font_class": "ic-search",
      "unicode": "eff0",
      "unicode_decimal": 61424
    },
    {
      "icon_id": "9647158",
      "name": "环境申请",
      "font_class": "huanjingshenqing",
      "unicode": "efee",
      "unicode_decimal": 61422
    },
    {
      "icon_id": "9645650",
      "name": "传输",
      "font_class": "chuanshu",
      "unicode": "efec",
      "unicode_decimal": 61420
    },
    {
      "icon_id": "9645559",
      "name": "私有",
      "font_class": "siyou",
      "unicode": "efea",
      "unicode_decimal": 61418
    },
    {
      "icon_id": "9645560",
      "name": "公有",
      "font_class": "gongyou",
      "unicode": "efeb",
      "unicode_decimal": 61419
    },
    {
      "icon_id": "9645512",
      "name": "退出",
      "font_class": "tuichu",
      "unicode": "efe9",
      "unicode_decimal": 61417
    },
    {
      "icon_id": "9645401",
      "name": "前端监控",
      "font_class": "qianduanjiankong",
      "unicode": "efe8",
      "unicode_decimal": 61416
    },
    {
      "icon_id": "9645325",
      "name": "删除",
      "font_class": "shanchu",
      "unicode": "efe7",
      "unicode_decimal": 61415
    },
    {
      "icon_id": "5158313",
      "name": "ic-change",
      "font_class": "ic-change",
      "unicode": "e77b",
      "unicode_decimal": 59259
    },
    {
      "icon_id": "5802116",
      "name": "ic-Upload the cloud",
      "font_class": "ic-Uploadthecloud",
      "unicode": "e950",
      "unicode_decimal": 59728
    },
    {
      "icon_id": "6524980",
      "name": "pic-u2f",
      "font_class": "pic-uf",
      "unicode": "ea86",
      "unicode_decimal": 60038
    },
    {
      "icon_id": "6524981",
      "name": "pic-qrcode",
      "font_class": "pic-qrcode",
      "unicode": "ea87",
      "unicode_decimal": 60039
    },
    {
      "icon_id": "6524982",
      "name": "pic-acount",
      "font_class": "pic-acount",
      "unicode": "ea88",
      "unicode_decimal": 60040
    },
    {
      "icon_id": "6524983",
      "name": "pic-usbkey",
      "font_class": "pic-usbkey",
      "unicode": "ea89",
      "unicode_decimal": 60041
    }
  ]
}
