{
  "eventValueOptions": [
    {
      "value": "SUBMIT",
      "label": "工单提交"
    },
    {
      "value": "APPROVE",
      "label": "工单审批"
    },
    {
      "value": "HANDLE",
      "label": "工单回复"
    },
    {
      "value": "EVALUATE",
      "label": "工单评价"
    },
    {
      "value": "DISAGREE",
      "label": "工单驳回"
    },
    {
      "value": "REJECT",
      "label": "工单拒绝"
    },

    {
      "value": "TIMER",
      "label": "定时任务"
    }
  ],
  "eventTypeOptions": {
    "TIMER": [
      {
        "value": "0",
        "label": "每天的指定时间节点"
      },
      {
        "value": "1",
        "label": "每个工作日的指定时间节点"
      }
    ]
  },
  "hourOptions": [
    0,
    1,
    2,
    3,
    4,
    5,
    6,
    7,
    8,
    9,
    10,
    11,
    12,
    13,
    14,
    15,
    16,
    17,
    18,
    19,
    20,
    21,
    22,
    23
  ],
  "minuteOptions": [
    0,
    1,
    2,
    3,
    4,
    5,
    6,
    7,
    8,
    9,
    10,
    11,
    12,
    13,
    14,
    15,
    16,
    17,
    18,
    19,
    20,
    21,
    22,
    23,
    24,
    25,
    26,
    27,
    28,
    29,
    30,
    31,
    32,
    33,
    34,
    35,
    36,
    37,
    38,
    39,
    40,
    41,
    42,
    43,
    44,
    45,
    46,
    47,
    48,
    49,
    50,
    51,
    52,
    53,
    54,
    55,
    56,
    57,
    58,
    59
  ],
  "actionTypeOption": [
    {
      "value": "CHANGE_RECEIPTER",
      "label": "更改受理人"
    },
    {
      "value": "CHANGE_STATE",
      "label": "更改工单状态"
    },
    {
      "value": "CHANGE_PRIORITY",
      "label": "更改工单优先级"
    },
    {
      "value": "CHANGE_TEMPLATE",
      "label": "更改工单模板"
    },
    {
      "value": "ADD_FOLLOWER",
      "label": "添加关注者"
    },
    {
      "value": "DELETE_FOLLOWER",
      "label": "删除关注者"
    },
    {
      "value": "CLEAR_FOLLOWER",
      "label": "清空关注者"
    },
    {
      "value": "ADD_TAG",
      "label": "添加标签"
    },
    {
      "value": "DELETE_TAG",
      "label": "删除标签"
    },
    {
      "value": "NOTICE_SUBMITER",
      "label": "通知提交人"
    },
    {
      "value": "NOTICE_APPROVER",
      "label": "通知审批人"
    },
    {
      "value": "NOTICE_FOLLOWER",
      "label": "通知关注人"
    },
    {
      "value": "NOTICE_RECEIPTER",
      "label": "通知受理人"
    },
    {
      "value": "NOTICE",
      "label": "通知"
    }
  ],
  "actionDetailMatch": {
    "CHANGE_RECEIPTER": "更改受理人",
    "CHANGE_STATE": "更改工单状态",
    "CHANGE_PRIORITY": "更改工单优先级",
    "CHANGE_TEMPLATE": "更改工单模板",
    "ADD_FOLLOWER": "添加关注者",
    "DELETE_FOLLOWER": "删除关注者",
    "CLEAR_FOLLOWER": "清空关注者",
    "ADD_TAG": "添加标签",
    "DELETE_TAG": "删除标签",
    "NOTICE_SUBMITER": "通知提交人",
    "NOTICE_APPROVER": "通知审批人",
    "NOTICE_FOLLOWER": "通知关注人",
    "NOTICE_RECEIPTER": "通知受理人",
    "NOTICE": "通知"
  },
  "conditionsDetailMatch": {
    "eq": "是",
    "not": "不是",
    "like": "包含",
    "nlike": "不包含",
    "change": "发生更改",
    "nchange": "未更改",
    "changefrom": "更改自",
    "nchangefrom": "未更改自",
    "changeto": "更改为",
    "nchangeto": "未更改为",
    "empty": "为空",
    "nempty": "不为空",
    "start": "开始于",
    "end": "结束于",
    "in": "包含任意",
    "nin": "不包含所有"
  },
  "level": [
    {
      "value": "2",
      "label": "高"
    },
    {
      "value": "1",
      "label": "中"
    },
    {
      "value": "0",
      "label": "低"
    }
  ],
  "evaluate": [
    {
      "value": "2",
      "label": "非常满意"
    },
    {
      "value": "1",
      "label": "满意"
    },
    {
      "value": "0",
      "label": "不满意"
    }
  ],
  "state2": [
    {
      "value": "0",
      "label": "编写中"
    },
    {
      "value": "1",
      "label": "审批中"
    },
    {
      "value": "2",
      "label": "待处理"
    },

    {
      "value": "5",
      "label": "已评价"
    }
  ],
  "state": [
    {
      "value": "0",
      "label": "编写中"
    },
    {
      "value": "1",
      "label": "审批中"
    },
    {
      "value": "2",
      "label": "待处理"
    },
    {
      "value": "3",
      "label": "处理中"
    },
    {
      "value": "4",
      "label": "已处理"
    },
    {
      "value": "5",
      "label": "已评价"
    },
    {
      "value": "6",
      "label": "已关闭"
    }
  ],
  "position": [
    {
      "value": "0",
      "label": "提交人"
    },
    {
      "value": "1",
      "label": "受理人"
    },
    {
      "value": "2",
      "label": "处理人"
    },
    {
      "value": "3",
      "label": "关注人"
    }
  ],
  "positionMatch": [
    {
      "0": "提交人",
      "3": "关注人",
      "2": "处理人",
      "1": "受理人"
    }
  ],
  "positionMatchArr": ["提交人", "受理人", "处理人", "关注人"],
  "conditionsAnyType": [
    {
      "value": "TITLE",
      "label": "主题"
    },
    {
      "value": "SUMMARY",
      "label": "描述"
    },
    {
      "value": "KEYWORD",
      "label": "主题或描述"
    },
    {
      "value": "RECEIPT",
      "label": "回执表单"
    },
    {
      "value": "STATE",
      "label": "状态"
    },
    {
      "value": "PRIORITY",
      "label": "优先级"
    },
    {
      "value": "EVALUATE",
      "label": "满意度"
    },
    {
      "value": "TEMPLATE",
      "label": "模板"
    },
    {
      "value": "SUBMITER",
      "label": "创建人"
    }
  ],
  "conditionsAnySecond": {
    "TITLE": [
      {
        "value": "eq",
        "label": "是"
      },
      {
        "value": "not",
        "label": "不是"
      },
      {
        "value": "like",
        "label": "包含"
      },
      {
        "value": "nlike",
        "label": "不包含"
      },
      {
        "value": "start",
        "label": "开始于"
      },
      {
        "value": "end",
        "label": "结束于"
      }
    ],
    "SUMMARY": [
      {
        "value": "like",
        "label": "包含"
      },
      {
        "value": "nlike",
        "label": "不包含"
      },
      {
        "value": "empty",
        "label": "为空"
      },
      {
        "value": "nempty",
        "label": "不为空"
      }
    ],
    "KEYWORD": [
      {
        "value": "eq",
        "label": "是"
      },
      {
        "value": "not",
        "label": "不是"
      },
      {
        "value": "like",
        "label": "包含"
      },
      {
        "value": "nlike",
        "label": "不包含"
      },
      {
        "value": "start",
        "label": "开始于"
      },
      {
        "value": "end",
        "label": "结束于"
      }
    ],
    "RECEIPT": [
      {
        "value": "like",
        "label": "包含"
      },
      {
        "value": "nlike",
        "label": "不包含"
      },
      {
        "value": "empty",
        "label": "为空"
      },
      {
        "value": "nempty",
        "label": "不为空"
      }
    ],
    "STATE": [
      {
        "value": "eq",
        "label": "是"
      },
      {
        "value": "not",
        "label": "不是"
      },
      {
        "value": "like",
        "label": "包含"
      },
      {
        "value": "nlike",
        "label": "不包含"
      },
      {
        "value": "change",
        "label": "发生更改"
      },
      {
        "value": "nchange",
        "label": "未更改"
      },
      {
        "value": "changefrom",
        "label": "更改自"
      },
      {
        "value": "nchangefrom",
        "label": "未更改自"
      },
      {
        "value": "changeto",
        "label": "更改为"
      },
      {
        "value": "nchangeto",
        "label": "未更改为"
      }
    ],
    "PRIORITY": [
      {
        "value": "eq",
        "label": "是"
      },
      {
        "value": "not",
        "label": "不是"
      }
    ],
    "EVALUATE": [
      {
        "value": "eq",
        "label": "是"
      },
      {
        "value": "not",
        "label": "不是"
      },
      {
        "value": "in",
        "label": "包含任意"
      },
      {
        "value": "nin",
        "label": "不包含所有"
      }
    ],
    "TEMPLATE": [
      {
        "value": "eq",
        "label": "是"
      },
      {
        "value": "not",
        "label": "不是"
      }
    ],
    "SUBMITER": [
      {
        "value": "eq",
        "label": "是"
      },
      {
        "value": "not",
        "label": "不是"
      },
      {
        "value": "in",
        "label": "包含任意"
      },
      {
        "value": "nin",
        "label": "不包含所有"
      }
    ]
  },
  "conditionsKey": {
    "TITLE": "主题",
    "SUMMARY": "描述",
    "KEYWORD": "主题或描述",
    "RECEIPT": "回执表单",
    "STATE": "状态",
    "PRIORITY": "优先级",
    "EVALUATE": "满意度",
    "TEMPLATE": "模板",
    "SUBMITER": "创建人"
  }
}
