{
  "code": "0",
  "result": {
    "data": [
      {
        "name": "name2",
        "code": "code2",
        "date": "2018-09-12 14:50:35"
      },
      {
        "name": "name3",
        "code": "code3",
        "date": "2018-12-13 14:50:35"
      },
      {
        "name": "name1",
        "code": "code1",
        "date": "2018-09-12 14:50:35"
      },
      {
        "name": "name2",
        "code": "code4",
        "date": "2018-09-12 14:50:35"
      },
      {
        "name": "name3",
        "code": "code2",
        "date": "2018-12-13 14:50:35"
      },
      {
        "name": "name1",
        "code": "code1",
        "date": "2018-09-12 14:50:35"
      },
      {
        "name": "name2",
        "code": "code2",
        "date": "2018-09-12 14:50:35"
      },
      {
        "name": "name3",
        "code": "code3",
        "date": "2018-12-13 14:50:35"
      },
      {
        "name": "name1",
        "code": "code1",
        "date": "2018-09-12 14:50:35"
      },
      {
        "name": "name2",
        "code": "code2",
        "date": "2018-09-12 14:50:35"
      },
      {
        "name": "name3",
        "code": "code3",
        "date": "2018-12-13 14:50:35"
      },
      {
        "name": "name1",
        "code": "code1",
        "date": "2018-09-12 14:50:35"
      },
      {
        "name": "name2",
        "code": "code2",
        "date": "2018-09-12 14:50:35"
      },
      {
        "name": "name3",
        "code": "code3",
        "date": "2018-12-13 14:50:35"
      },
      {
        "name": "name1",
        "code": "code1",
        "date": "2018-09-12 14:50:35"
      },
      {
        "name": "name2",
        "code": "code2",
        "date": "2018-09-12 14:50:35"
      },
      {
        "name": "name3",
        "code": "code3",
        "date": "2018-12-13 14:50:35"
      },
      {
        "name": "name1",
        "code": "code1",
        "date": "2018-09-12 14:50:35"
      },
      {
        "name": "name4",
        "code": "code4",
        "date": "2018-12-13 19:50:35"
      }
    ],
    "pageNo": 1,
    "pageSize": 10,
    "total": 20,
    "totalPages": 1
  },
  "status": 200,
  "timestamp": 1534384232574
}
