{
  "result": {
    "interfaceInfoList": [
      {
        "count": 1115,
        "endpointId": 37,
        "errorNum": 257,
        "errorRate": 0.2304932735426009,
        "latencyAvg": 244.47533632286996,
        "latencyMax": 914.0,
        "latencyMin": 19.0,
        "latencyP90": 647.8,
        "latencyP95": 711.75,
        "latencyP99": 781.3499999999999,
        "url": "/dops/project"
      },
      {
        "count": 5,
        "endpointId": 1753,
        "errorNum": 2,
        "errorRate": 0.4,
        "latencyAvg": 3.4,
        "latencyMax": 5.0,
        "latencyMin": 2.0,
        "latencyP90": 5.0,
        "latencyP95": 5.0,
        "latencyP99": 5.0,
        "url": "/user/me"
      },
      {
        "count": 5,
        "endpointId": 896040,
        "errorNum": 0,
        "errorRate": 0.0,
        "latencyAvg": 5550.0,
        "latencyMax": 7280.0,
        "latencyMin": 5016.0,
        "latencyP90": 7280.0,
        "latencyP95": 7280.0,
        "latencyP99": 7280.0,
        "url": "/prometheus/network_flow"
      },
      {
        "count": 6,
        "endpointId": 896028,
        "errorNum": 0,
        "errorRate": 0.0,
        "latencyAvg": 1040.1666666666667,
        "latencyMax": 1151.0,
        "latencyMin": 897.0,
        "latencyP90": 1146.1999999999998,
        "latencyP95": 1151.0,
        "latencyP99": 1151.0,
        "url": "/prometheus/node_cpu_memory"
      },
      {
        "count": 6,
        "endpointId": 896025,
        "errorNum": 0,
        "errorRate": 0.0,
        "latencyAvg": 839.0,
        "latencyMax": 1015.0,
        "latencyMin": 741.0,
        "latencyP90": 998.8000000000001,
        "latencyP95": 1015.0,
        "latencyP99": 1015.0,
        "url": "/prometheus/vip_project_list"
      },
      {
        "count": 6,
        "endpointId": 896034,
        "errorNum": 0,
        "errorRate": 0.0,
        "latencyAvg": 640.8333333333334,
        "latencyMax": 818.0,
        "latencyMin": 560.0,
        "latencyP90": 805.1,
        "latencyP95": 818.0,
        "latencyP99": 818.0,
        "url": "/prometheus/ingress_concurrency/{ingressName}"
      },
      {
        "count": 6,
        "endpointId": 896027,
        "errorNum": 0,
        "errorRate": 0.0,
        "latencyAvg": 625.5,
        "latencyMax": 721.0,
        "latencyMin": 547.0,
        "latencyP90": 717.3,
        "latencyP95": 721.0,
        "latencyP99": 721.0,
        "url": "/prometheus/node_disk"
      },
      {
        "count": 1,
        "endpointId": 896073,
        "errorNum": 0,
        "errorRate": 0.0,
        "latencyAvg": 567.0,
        "latencyMax": 567.0,
        "latencyMin": 567.0,
        "latencyP90": 567.0,
        "latencyP95": 567.0,
        "latencyP99": 567.0,
        "url": "/project/service/yaml"
      },
      {
        "count": 8,
        "endpointId": 2053,
        "errorNum": 0,
        "errorRate": 0.0,
        "latencyAvg": 471.875,
        "latencyMax": 1189.0,
        "latencyMin": 239.0,
        "latencyP90": 1068.7,
        "latencyP95": 1189.0,
        "latencyP99": 1189.0,
        "url": "/dops/namespace"
      },
      {
        "count": 6,
        "endpointId": 27,
        "errorNum": 0,
        "errorRate": 0.0,
        "latencyAvg": 377.0,
        "latencyMax": 543.0,
        "latencyMin": 250.0,
        "latencyP90": 541.4,
        "latencyP95": 543.0,
        "latencyP99": 543.0,
        "url": "/dashboard/overview"
      }
    ],
    "total": 34
  },
  "status": 200,
  "code": "0",
  "timestamp": 1583287841642
}
