{
  "code": "0",
  "result": {
    "data": [
      {
        "active": true,
        "apiUrl": null,
        "approveRule": null,
        "beginReceiptTime": null,
        "code": null,
        "createDeptCode": null,
        "createTime": null,
        "creatorCode": null,
        "deptId": null,
        "deptInfo": null,
        "deptName": "产品组",
        "endReceiptTime": null,
        "followUsers": null,
        "fullDeptName": null,
        "id": 1,
        "name": "模板1",
        "priority": null,
        "receiptDateType": null,
        "receiptFields": null,
        "receiptTimeShowValue": null,
        "receiptUsers": null,
        "remark": "请处理",
        "requestFields": null,
        "sot": null,
        "status": null,
        "type": null,
        "updateTime": null,
        "updaterCode": null
      },
      {
        "active": true,
        "apiUrl": null,
        "approveRule": null,
        "beginReceiptTime": null,
        "code": null,
        "createDeptCode": null,
        "createTime": null,
        "creatorCode": null,
        "deptId": null,
        "deptInfo": null,
        "deptName": "产品组",
        "endReceiptTime": null,
        "followUsers": null,
        "fullDeptName": null,
        "id": 2,
        "name": "模板2",
        "priority": null,
        "receiptDateType": null,
        "receiptFields": null,
        "receiptTimeShowValue": null,
        "receiptUsers": null,
        "remark": "模板2，请处理",
        "requestFields": null,
        "sot": null,
        "status": null,
        "type": null,
        "updateTime": null,
        "updaterCode": null
      }
    ],
    "pageNo": 0,
    "pageSize": 0,
    "total": 39,
    "totalPages": 0
  },
  "status": 200,
  "timestamp": 1557728896693
}
