{
  "code": "0",
  "result": {
    "content": "jobName:dolphin-demo, buildNumber: 69, jenkins 开始构建。。。\nStarted by user kd\nBuilding in workspace /data/jenkins/workspace/dolphin-demo\n> git rev-parse --is-inside-work-tree # timeout=10\nFetching changes from the remote Git repository\n> git config remote.origin.url #!# # timeout=10\nFetching upstream changes from #!#\n> git --version # timeout=10\n> git fetch --tags --progress #!# +refs/heads/*:refs/remotes/origin/*\n> git rev-parse refs/tags/cconfigtest^{commit} # timeout=10\n> git rev-parse refs/remotes/origin/refs/tags/cconfigtest^{commit} # timeout=10\nChecking out Revision 06058acfd978d196cc6fe9031e68fcbf292707ab (refs/tags/cconfigtest)\n> git config core.sparsecheckout # timeout=10\n> git checkout -f 06058acfd978d196cc6fe9031e68fcbf292707ab\nCommit message: \"Merge remote-tracking branch 'origin/master'\"\n> git rev-list --no-walk 06058acfd978d196cc6fe9031e68fcbf292707ab # timeout=10\nParsing POMs\nEstablished TCP socket on 22197\n[dolphin-demo] $ /usr/local/jdk1.8.0_144/bin/java -cp /data/jenkins/plugins/maven-plugin/WEB-INF/lib/maven35-agent-1.12-alpha-1.jar:/usr/local/apache-maven-3.5.0/boot/plexus-classworlds-2.5.2.jar:/usr/local/apache-maven-3.5.0/conf/logging jenkins.maven3.agent.Maven35Main /usr/local/apache-maven-3.5.0/ /var/cache/jenkins/war/WEB-INF/lib/remoting-3.14.jar /data/jenkins/plugins/maven-plugin/WEB-INF/lib/maven35-interceptor-1.12-alpha-1.jar /data/jenkins/plugins/maven-plugin/WEB-INF/lib/maven3-interceptor-commons-1.12-alpha-1.jar 22197\n<===[JENKINS REMOTING CAPACITY]===>channel started\nExecuting Maven: -B -f /data/jenkins/workspace/dolphin-demo/pom.xml clean package -Dmaven.test.skip=true -Dmaven.javadoc.skip=true -Dmaven.compile.fork=true -P online -T 1C\n[INFO] Scanning for projects...\n[INFO] \n[INFO] Using the MultiThreadedBuilder implementation with a thread count of 24\n[INFO] \n[INFO] ------------------------------------------------------------------------\n[INFO] Building dolphin-demo 1.0.0.1\n[INFO] ------------------------------------------------------------------------\n[INFO] \n[INFO] --- maven-clean-plugin:2.6.1:clean (default-clean) @ dolphin-demo ---\n[INFO] \n[INFO] --- maven-resources-plugin:2.6:resources (default-resources) @ dolphin-demo ---\n[INFO] Using 'UTF-8' encoding to copy filtered resources.\n[INFO] Copying 4 resources\n[INFO] \n[INFO] --- maven-compiler-plugin:3.1:compile (default-compile) @ dolphin-demo ---\n[INFO] Changes detected - recompiling the module!\n[INFO] Compiling 5 source files to /data/jenkins/workspace/dolphin-demo/target/classes\n[WARNING] /data/jenkins/workspace/dolphin-demo/src/main/java/com/kedacom/ctsp/web/HelloController.java: /data/jenkins/workspace/dolphin-demo/src/main/java/com/kedacom/ctsp/web/HelloController.java uses unchecked or unsafe operations.\n[WARNING] /data/jenkins/workspace/dolphin-demo/src/main/java/com/kedacom/ctsp/web/HelloController.java: Recompile with -Xlint:unchecked for details.\n[INFO] \n[INFO] --- maven-resources-plugin:2.6:testResources (default-testResources) @ dolphin-demo ---\n[INFO] Not copying test resources\n[INFO] \n[INFO] --- maven-compiler-plugin:3.1:testCompile (default-testCompile) @ dolphin-demo ---\n[INFO] Not compiling test sources\n[INFO] \n[INFO] --- maven-surefire-plugin:2.18.1:test (default-test) @ dolphin-demo ---\n[INFO] Tests are skipped.\n[INFO] \n[INFO] --- maven-war-plugin:2.6:war (default-war) @ dolphin-demo ---\n[INFO] Packaging webapp\n[INFO] Assembling webapp [dolphin-demo] in [/data/jenkins/workspace/dolphin-demo/target/dolphin-demo]\n[INFO] Processing war project\n[INFO] Webapp assembled in [66 msecs]\n[INFO] Building war: /data/jenkins/workspace/dolphin-demo/target/dolphin-demo.war\n[INFO] \n[INFO] --- spring-boot-maven-plugin:1.5.8.RELEASE:repackage (default) @ dolphin-demo ---\n[INFO] ------------------------------------------------------------------------\n[INFO] BUILD SUCCESS\n[INFO] ------------------------------------------------------------------------\n[INFO] Total time: 6.911 s (Wall Clock)\n[INFO] Finished at: 2019-05-17T19:19:37+08:00\n[INFO] Final Memory: 46M/1212M\n[INFO] ------------------------------------------------------------------------\n[JENKINS] Archiving /data/jenkins/workspace/dolphin-demo/pom.xml to com.kedacom.ctsp/dolphin-demo/1.0.0.1/dolphin-demo-1.0.0.1.pom\n[JENKINS] Archiving /data/jenkins/workspace/dolphin-demo/target/dolphin-demo.war to com.kedacom.ctsp/dolphin-demo/1.0.0.1/dolphin-demo-1.0.0.1.war\n[dolphin-demo] $ /bin/sh -xe /tmp/jenkins3309941627211932866.sh\nchannel stopped\n+ mkdir -p /mnt/dolphin-war/dolphin-demo/cconfigtest\n+ cp -r ./target/dolphin-demo.war /mnt/dolphin-war/dolphin-demo/cconfigtest/app.war\n+ shopt -s extglob\n+ cd /data/jenkins/workspace/dolphin-demo\n+ rm -rf src target\nFinished: SUCCESS",
    "deployStatus": 15,
    "lastIndex": 12
  },
  "status": 200,
  "timestamp": 1558074518222
}
