{
  "code": "0",
  "result": {
    "actions": [
      {
        "execute": true,
        "historyId": 326,
        "id": 365,
        "params": "{\"value\":\"2\"}",
        "subType": null,
        "success": true,
        "summary": null,
        "templateId": 39,
        "time": 1556350308463,
        "triggerId": 10,
        "type": "CHANGE_PRIORITY",
        "worksheetId": "5af333be082043308a75a30e9b662c4d"
      }
    ],
    "conditionsAll": [
      {
        "code": "TITLE",
        "expect": "测试工单",
        "field": "主题",
        "match": true,
        "sign": "start",
        "value": "测试工单1"
      },
      {
        "code": "SUMMARY",
        "expect": "",
        "field": "描述",
        "match": true,
        "sign": "empty",
        "value": ""
      },
      {
        "code": "TEMPLATE",
        "expect": "{\"name\":\"4.23测试\",\"id\":39}",
        "field": "模板",
        "match": true,
        "sign": "eq",
        "value": "{\"name\":\"4.23测试\",\"id\":39}"
      }
    ],
    "conditionsAny": [
      {
        "code": "SUBMITER",
        "expect": "[{\"code\":\"KD011392\",\"deptId\":\"8acf80fe65f9e4620165f9e89a090161\",\"deptName\":\"创新资源中心公共应用技术部\",\"email\":\"gaochao@kedacom.com\",\"id\":\"8acf80fe654a931001654aaa02b80e7e\",\"name\":\"高超\"}]",
        "field": "创建人",
        "match": true,
        "sign": "eq",
        "value": "{\"id\":\"8acf80fe654a931001654aaa02b80e7e\",\"name\":\"高超\"}"
      }
    ],
    "id": 326,
    "templateName": "4.23测试",
    "worksheetNumber": "201904270000004"
  },
  "status": 200,
  "timestamp": 1558076904954
}
