{
  "code": "0",
  "result": [
    {
      "code": "KD000583",
      "deptCode": "1539",
      "deptId": "1539",
      "deptName": "视图资源开发部平台开发组",
      "deptPath": "32eu-9m08-yyi8-by8g-8pos",
      "deptSortIndex": 0,
      "email": "xulaosan@kedacom.com",
      "id": "8acf80f96a69bb3b016a69bf2d680669",
      "name": "徐老三",
      "phone": "15821731107",
      "photo": "http://p.qlogo.cn/bizmail/pshQJaKFubG04fHgZTJKOFa40YCAX5XkcfwEg4euzicEl9gqEWUmFtA/0",
      "position": "视图资源开发部平台开发组主管",
      "remark": null,
      "roles": [],
      "sex": 1,
      "status": 1,
      "updateTime": 1556586068615,
      "username": "xulaosan"
    },
    {
      "code": "KD012415",
      "deptCode": "2579",
      "deptId": "2579",
      "deptName": "Web开发组",
      "deptPath": "32eu-p5yw-68f9-aa5s",
      "deptSortIndex": 0,
      "email": "xulaoer@kedacom.com",
      "id": "8acf80f96a69bb3b016a69c0d14611a5",
      "name": "徐老二",
      "phone": "13913500061",
      "photo": "http://p.qpic.cn/wwhead/nMl9ssowtibVGyrmvBiaibzDia2ibY2IELAZw7wbyjyPJpLDg6The4g6nIcs5ibIkeibicNXYBJ0RStyTlQ/0",
      "position": "Web开发组-主管",
      "remark": null,
      "roles": [],
      "sex": 1,
      "status": 1,
      "updateTime": 1556586068631,
      "username": "xulaoer"
    }
  ],
  "status": 200,
  "timestamp": 1558074518222
}
